[{
  "_id": {
    "$oid": "6174e2464a95e77bd43f1e54"
  },
  "username": "francriver27@gmail.com",
  "profile": {
    "name": {
      "last": "Rivera",
      "first": "Francisco"
    },
    "favoriteTeam": {
      "__belong": {
        "AccessGroup": [
          "58f7c8a1f68f4720c3392406"
        ],
        "Client": "58f7c8a1f68f4720c3392406",
        "AppGroup": []
      },
      "__children": {
        "Category": [
          "5a7b044e0d95be2299de02b3"
        ]
      },
      "__model": null,
      "_id": "5af1d0c6d5ab721ff036f54e",
      "altColor": "",
      "backgroundImage": null,
      "baseColor": "",
      "country": {
        "code": "PE",
        "name": {
          "de": "Peru",
          "original": "Peru",
          "pt": "Peru",
          "it": "Perù",
          "es": "Perú",
          "zh": "秘鲁"
        }
      },
      "flag": "63d979575cb2801c098b8a39",
      "icon": null,
      "isFavorite": false,
      "location": {
        "original": "PE"
      },
      "name": "Sporting Cristal",
      "shirt": null,
      "shortName": "SCL",
      "tagId": null,
      "tournaments": [
        {
          "__belong": null,
          "__children": null,
          "__model": null,
          "_id": "58f80c3091434a2c5b956884",
          "country": null,
          "createDate": null,
          "icon": null,
          "name": null,
          "priority": null,
          "shortName": null,
          "status": null
        },
        {
          "__belong": null,
          "__children": null,
          "__model": null,
          "_id": "5a68a0e3d1e49c425c6eb357",
          "country": null,
          "createDate": null,
          "icon": null,
          "name": null,
          "priority": null,
          "shortName": null,
          "status": null
        },
        {
          "__belong": null,
          "__children": null,
          "__model": null,
          "_id": "5a687d8b3485ad3f8efa4432",
          "country": null,
          "createDate": null,
          "icon": null,
          "name": null,
          "priority": null,
          "shortName": null,
          "status": null
        },
        {
          "__belong": null,
          "__children": null,
          "__model": null,
          "_id": "5d24db78a23a8957d4cbfafd",
          "country": null,
          "createDate": null,
          "icon": null,
          "name": null,
          "priority": null,
          "shortName": null,
          "status": null
        }
      ]
    }
  }
},{
  "username": "restrepo.daniel@icloud.com",
  "profile": {
    "email": "restrepo.daniel@icloud.com",
    "name": {
      "last": "restrepo.daniel@icloud.com",
      "first": "restrepo.daniel@icloud.com"
    },
    "favoriteTeam": {
      "_id": "5a65dd8da30cbe0aee576204",
      "name": "Deportivo Binacional",
      "shortName": "DBI",
      "country": "PE",
      "tournaments": [
        {
          "_id": "58f80c3091434a2c5b956884"
        },
        {
          "_id": "5a68a0e3d1e49c425c6eb357"
        },
        {
          "_id": "5d24db78a23a8957d4cbfafd"
        },
        {
          "_id": "5a687d8b3485ad3f8efa4432"
        }
      ],
      "flag": "5a65e7592c108a3b1a9a066f",
      "location": {
        "original": ""
      },
      "__children": {
        "Category": [
          "5a7b044e0d95be2299de02ab"
        ]
      }
    }
  }
},{
  "username": "saitam79@hotmail.com",
  "profile": {
    "email": "saitam79@hotmail.com",
    "name": {
      "last": "Matias Rossi",
      "first": "Matias Rossi"
    },
    "favoriteTeam": {
      "__belong": {
        "AccessGroup": [
          "58f7c8a1f68f4720c3392406"
        ],
        "Client": "58f7c8a1f68f4720c3392406",
        "AppGroup": []
      },
      "__children": {
        "Category": [
          "5a7b044e0d95be2299de02ab"
        ]
      },
      "__model": null,
      "_id": "5a65dd8da30cbe0aee576204",
      "altColor": "",
      "backgroundImage": "5a65e89bffa0c022fb19181d",
      "baseColor": "",
      "country": {
        "code": "PE",
        "name": {
          "de": "Peru",
          "original": "Peru",
          "pt": "Peru",
          "it": "Perù",
          "es": "Perú",
          "zh": "秘鲁"
        }
      },
      "flag": "63d978be8df6657354bf1530",
      "icon": null,
      "isFavorite": false,
      "location": {
        "original": "PE"
      },
      "name": "Deportivo Binacional",
      "shirt": null,
      "shortName": "BIN",
      "tagId": null,
      "tournaments": [
        {
          "__belong": null,
          "__children": null,
          "__model": null,
          "_id": "58f80c3091434a2c5b956884",
          "country": null,
          "createDate": null,
          "icon": null,
          "name": null,
          "priority": null,
          "shortName": null,
          "status": null
        },
        {
          "__belong": null,
          "__children": null,
          "__model": null,
          "_id": "5a68a0e3d1e49c425c6eb357",
          "country": null,
          "createDate": null,
          "icon": null,
          "name": null,
          "priority": null,
          "shortName": null,
          "status": null
        },
        {
          "__belong": null,
          "__children": null,
          "__model": null,
          "_id": "5d24db78a23a8957d4cbfafd",
          "country": null,
          "createDate": null,
          "icon": null,
          "name": null,
          "priority": null,
          "shortName": null,
          "status": null
        },
        {
          "__belong": null,
          "__children": null,
          "__model": null,
          "_id": "5a687d8b3485ad3f8efa4432",
          "country": null,
          "createDate": null,
          "icon": null,
          "name": null,
          "priority": null,
          "shortName": null,
          "status": null
        }
      ]
    }
  }
},{
  "username": "grxggod@naver.com",
  "profile": {
    "email": "grxggod@naver.com",
    "name": {
      "last": "lee",
      "first": "sanghyuk"
    },
    "favoriteTeam": {
      "_id": "5a65dd8da30cbe0aee576204",
      "name": "Deportivo Binacional",
      "shortName": "DBI",
      "country": "PE",
      "tournaments": [
        {
          "_id": {
            "$oid": "58f80c3091434a2c5b956884"
          }
        },
        {
          "_id": {
            "$oid": "5a68a0e3d1e49c425c6eb357"
          }
        },
        {
          "_id": {
            "$oid": "5d24db78a23a8957d4cbfafd"
          }
        },
        {
          "_id": {
            "$oid": "5a687d8b3485ad3f8efa4432"
          }
        }
      ],
      "flag": {
        "$oid": "5a65e7592c108a3b1a9a066f"
      },
      "location": {
        "original": ""
      },
      "__children": {
        "Category": [
          {
            "$oid": "5a7b044e0d95be2299de02ab"
          }
        ]
      }
    }
  }
},{
  "username": "josefinarossi93@gmail.com",
  "profile": {
    "email": "josefinarossi93@gmail.com",
    "name": {
      "last": "Rossi",
      "first": "Josefina"
    },
    "favoriteTeam": {
      "_id": "5a65dd8da30cbe0aee576204",
      "name": "Deportivo Binacional",
      "shortName": "DBI",
      "country": "PE",
      "tournaments": [
        {
          "_id": {
            "$oid": "58f80c3091434a2c5b956884"
          }
        },
        {
          "_id": {
            "$oid": "5a68a0e3d1e49c425c6eb357"
          }
        },
        {
          "_id": {
            "$oid": "5d24db78a23a8957d4cbfafd"
          }
        },
        {
          "_id": {
            "$oid": "5a687d8b3485ad3f8efa4432"
          }
        }
      ],
      "flag": {
        "$oid": "5a65e7592c108a3b1a9a066f"
      },
      "location": {
        "original": ""
      },
      "__children": {
        "Category": [
          {
            "$oid": "5a7b044e0d95be2299de02ab"
          }
        ]
      }
    }
  }
},{
  "username": "augustinogarani@gmail.com",
  "profile": {
    "email": "augustinogarani@gmail.com",
    "name": {
      "last": "garani",
      "first": "augustino"
    },
    "favoriteTeam": {
      "_id": "5a65dd8da30cbe0aee576204",
      "name": "Deportivo Binacional",
      "shortName": "DBI",
      "country": "PE",
      "tournaments": [
        {
          "_id": {
            "$oid": "58f80c3091434a2c5b956884"
          }
        },
        {
          "_id": {
            "$oid": "5a68a0e3d1e49c425c6eb357"
          }
        },
        {
          "_id": {
            "$oid": "5d24db78a23a8957d4cbfafd"
          }
        },
        {
          "_id": {
            "$oid": "5a687d8b3485ad3f8efa4432"
          }
        }
      ],
      "flag": {
        "$oid": "5a65e7592c108a3b1a9a066f"
      },
      "location": {
        "original": ""
      },
      "__children": {
        "Category": [
          {
            "$oid": "5a7b044e0d95be2299de02ab"
          }
        ]
      }
    }
  }
}]
