[{
  "_id": {
    "$oid": "650475181b9cda7975f7e661"
  },
  "_externalId": "afgqv1fh117gt1ioads8vzbx0",
  "__belong": {
    "Client": {
      "$oid": "58f7c8a1f68f4720c3392406"
    },
    "AccessGroup": [
      {
        "$oid": "5a036d4fe650c3169d9910a4"
      }
    ],
    "Tournament": [
      {
        "$oid": "63d2b9dba871591b193579cd"
      }
    ]
  },
  "_externalProvider": "opta",
  "appCode": [
    "fanatiz",
    "liga1play"
  ],
  "awayPenaltyScore": 0,
  "awayScore": 0,
  "awayTeam": {
    "$oid": "5a65dd8da30cbe0aee576204"
  },
  "endDate": null,
  "eventStatus": {
    "$oid": "5771aaad69a37a78e280900d"
  },
  "homePenaltyScore": 0,
  "homeScore": 0,
  "homeTeam": {
    "$oid": "59ea84dae4eb0642ff3864de"
  },
  "location": {
    "original": "Estadio Municipal Carlos Vidaurre García"
  },
  "matchDay": {
    "start": {
      "$date": "2023-09-28T18:00:00.000Z"
    },
    "end": {
      "$date": "2023-09-28T18:00:00.000Z"
    },
    "name": {
      "original": "28"
    }
  },
  "startDate": {
    "$date": "2023-09-28T18:00:00.000Z"
  },
  "statusCategory": "future",
  "type": "football",
  "programmingData": {
    "status": "hidden"
  },
  "_updateDate": {
    "$date": "2023-09-20T23:00:16.889Z"
  }
},{
  "_id": {
    "$oid": "650475181b9cda7975f7e64e"
  },
  "_externalId": "agxm22s2dn99k8ui09o67hy50",
  "__belong": {
    "AccessGroup": [
      {
        "$oid": "5a036d4fe650c3169d9910a4"
      }
    ],
    "Tournament": [
      {
        "$oid": "63d2b9dba871591b193579cd"
      }
    ],
    "Client": {
      "$oid": "58f7c8a1f68f4720c3392406"
    }
  },
  "_externalProvider": "opta",
  "appCode": [
    "fanatiz",
    "liga1play"
  ],
  "awayPenaltyScore": 0,
  "awayScore": 0,
  "awayTeam": {
    "$oid": "5af1d0c6d5ab721ff036f54e"
  },
  "endDate": null,
  "eventStatus": {
    "$oid": "5771aaad69a37a78e280900d"
  },
  "homePenaltyScore": 0,
  "homeScore": 0,
  "homeTeam": {
    "$oid": "5af1d0c6d5ab721ff036f4f7"
  },
  "location": {
    "original": "Estadio Inca Garcilaso de la Vega"
  },
  "matchDay": {
    "start": {
      "$date": "2023-09-29T23:00:00.000Z"
    },
    "end": {
      "$date": "2023-09-29T23:00:00.000Z"
    },
    "name": {
      "original": "29"
    }
  },
  "startDate": {
    "$date": "2023-09-29T23:00:00.000Z"
  },
  "statusCategory": "future",
  "type": "football",
  "programmingData": {
    "status": "hidden"
  },
  "_updateDate": {
    "$date": "2023-09-20T23:00:16.889Z"
  }
},{
  "_id": {
    "$oid": "64ff1517b9e6cae678db3907"
  },
  "_externalId": "602tv71gwwkw559ftus6qipzo",
  "__belong": {
    "Client": {
      "$oid": "58f7c8a1f68f4720c3392406"
    },
    "AccessGroup": [
      {
        "$oid": "63b6d512182c32339cae37ee"
      },
      {
        "$oid": "598cccbce44afe0ac9859b5c"
      }
    ],
    "Tournament": [
      {
        "$oid": "63d2b9dba871591b193579cd"
      }
    ]
  },
  "_externalProvider": "opta",
  "appCode": [
    "liga1play",
    "fanatiz"
  ],
  "awayPenaltyScore": 0,
  "awayScore": 0,
  "awayTeam": {
    "$oid": "59ea84dae4eb0642ff3864da"
  },
  "endDate": null,
  "eventStatus": {
    "$oid": "5771aaad69a37a78e280900d"
  },
  "homePenaltyScore": 0,
  "homeScore": 0,
  "homeTeam": {
    "$oid": "5a65dd8da30cbe0aee576204"
  },
  "location": {
    "original": "Estadio Guillermo Briceño Rosamedina"
  },
  "matchDay": {
    "start": {
      "$date": "2023-09-23T20:00:00.000Z"
    },
    "end": {
      "$date": "2023-09-23T20:00:00.000Z"
    },
    "name": {
      "original": "23"
    }
  },
  "startDate": {
    "$date": "2023-09-23T20:00:00.000Z"
  },
  "statusCategory": "future",
  "type": "football",
  "programmingData": {
    "status": "programmed",
    "content": "650cc3c0008009079ce25448",
    "preEvent": {
      "duration": 30,
      "vodDuration": 10
    },
    "priority": "P2",
    "programmedDate": "2023-09-23T20:00:00Z",
    "providers": [
      {
        "id": "63b494602dd46060199e14ab",
        "vodDuration": -1,
        "vod": {
          "url": "https://cdn-liga1-max-v2.nunchee.tv/vod/vod/tournament_id/64ff1517b9e6cae678db3907/index.m3u8",
          "ingest_point": ""
        },
        "status": "programmed",
        "videos": [
          {
            "weight": 0,
            "name": {
              "original": "Español | Liga1 Max",
              "es": "Español | Liga1 Max",
              "en": "Spanish | Liga1 Max",
              "pt": "Espanhol | Liga1 Max"
            },
            "_id": "650cc3c0d55b7a0c952acdc6",
            "language": "es",
            "appCode": [
              "liga1play",
              "fanatiz"
            ],
            "AccessGroup": [
              "63b6d512182c32339cae37ee",
              "598cccbce44afe0ac9859b5c"
            ],
            "channelId": "63b494602dd46060199e14ab"
          }
        ]
      }
    ]
  },
  "__children": {
    "Content": [
      {
        "$oid": "650b3c7c1e17b107840fdee1"
      },
      {
        "$oid": "650cc3c0008009079ce25448"
      }
    ],
    "Formation": [],
    "TimeLine": []
  },
  "__v": 7,
  "_createDate": {
    "$date": "2023-09-18T15:39:03.237Z"
  },
  "_deleted": false,
  "_seed": false,
  "_updateDate": {
    "$date": "2023-09-21T22:29:23.255Z"
  },
  "stats": [],
  "videos": [],
  "_updatedBy": {
    "$oid": "63ee3cf22f73ee001d15462c"
  },
  "isEvent": true
},{
  "_id": {
    "$oid": "6508661440c37a4fc33932a5"
  },
  "_externalId": "cw6qmxfdzutqoychmhfuc15hw",
  "__belong": {
    "Client": {
      "$oid": "58f7c8a1f68f4720c3392406"
    },
    "AccessGroup": [
      {
        "$oid": "5a036d4fe650c3169d9910a4"
      }
    ],
    "Tournament": [
      {
        "$oid": "63d2b9dba871591b193579cd"
      }
    ]
  },
  "_externalProvider": "opta",
  "appCode": [
    "fanatiz",
    "liga1play"
  ],
  "awayPenaltyScore": 0,
  "awayScore": 0,
  "awayTeam": {
    "$oid": "5af1d0c6d5ab721ff036f4fe"
  },
  "endDate": null,
  "eventStatus": {
    "$oid": "5771aaad69a37a78e280900d"
  },
  "homePenaltyScore": 0,
  "homeScore": 0,
  "homeTeam": {
    "$oid": "5a65dd8da30cbe0aee576204"
  },
  "location": {
    "original": "Estadio Guillermo Briceño Rosamedina"
  },
  "matchDay": {
    "start": {
      "$date": "2023-10-04T01:30:00.000Z"
    },
    "end": {
      "$date": "2023-10-04T01:30:00.000Z"
    },
    "name": {
      "original": "04"
    }
  },
  "startDate": {
    "$date": "2023-10-04T01:30:00.000Z"
  },
  "statusCategory": "future",
  "type": "football",
  "programmingData": {
    "status": "hidden"
  },
  "_updateDate": {
    "$date": "2023-09-20T23:00:16.890Z"
  }
},{
  "_id": {
    "$oid": "64ff1517b9e6cae678db38da"
  },
  "_externalId": "62gjbwbpspht8dz8uxt9fyfis",
  "__belong": {
    "Client": {
      "$oid": "58f7c8a1f68f4720c3392406"
    },
    "AccessGroup": [
      {
        "$oid": "63b6d512182c32339cae37ee"
      },
      {
        "$oid": "598cccbce44afe0ac9859b5c"
      }
    ],
    "Tournament": [
      {
        "$oid": "63d2b9dba871591b193579cd"
      }
    ]
  },
  "_externalProvider": "opta",
  "appCode": [
    "liga1play",
    "fanatiz"
  ],
  "awayPenaltyScore": 0,
  "awayScore": 0,
  "awayTeam": {
    "$oid": "5af1d0c6d5ab721ff036f557"
  },
  "endDate": null,
  "eventStatus": {
    "$oid": "5771aaad69a37a78e280900d"
  },
  "homePenaltyScore": 0,
  "homeScore": 0,
  "homeTeam": {
    "$oid": "5af1d0c6d5ab721ff036f54e"
  },
  "location": {
    "original": "Estadio Nacional de Lima"
  },
  "matchDay": {
    "start": {
      "$date": "2023-09-26T01:00:00.000Z"
    },
    "end": {
      "$date": "2023-09-26T01:00:00.000Z"
    },
    "name": {
      "original": "26"
    }
  },
  "startDate": {
    "$date": "2023-09-26T01:00:00.000Z"
  },
  "statusCategory": "future",
  "type": "football",
  "programmingData": {
    "status": "programmed",
    "content": "650cc4343cd869078f0df3ee",
    "preEvent": {
      "duration": 30,
      "vodDuration": 10
    },
    "priority": "P1",
    "programmedDate": "2023-09-26T01:00:00Z",
    "providers": [
      {
        "id": "63b494602dd46060199e14ab",
        "vodDuration": -1,
        "vod": {
          "url": "https://cdn-liga1-max-v2.nunchee.tv/vod/vod/tournament_id/64ff1517b9e6cae678db38da/index.m3u8",
          "ingest_point": ""
        },
        "status": "programmed",
        "videos": [
          {
            "weight": 0,
            "name": {
              "original": "Español | Liga1 Max",
              "es": "Español | Liga1 Max",
              "en": "Spanish | Liga1 Max",
              "pt": "Espanhol | Liga1 Max"
            },
            "_id": "650cc4352a0e680aee003a83",
            "language": "es",
            "appCode": [
              "liga1play",
              "fanatiz"
            ],
            "AccessGroup": [
              "63b6d512182c32339cae37ee",
              "598cccbce44afe0ac9859b5c"
            ],
            "channelId": "63b494602dd46060199e14ab"
          }
        ]
      }
    ]
  },
  "__children": {
    "Content": [
      {
        "$oid": "650b3db2691a72079454ca55"
      },
      {
        "$oid": "650cc4343cd869078f0df3ee"
      }
    ],
    "Formation": [],
    "TimeLine": []
  },
  "__v": 7,
  "_createDate": {
    "$date": "2023-09-18T15:41:01.795Z"
  },
  "_deleted": false,
  "_seed": false,
  "_updateDate": {
    "$date": "2023-09-21T22:31:19.821Z"
  },
  "stats": [],
  "videos": [],
  "_updatedBy": {
    "$oid": "63ee3cf22f73ee001d15462c"
  },
  "isEvent": true
},{
  "_id": {
    "$oid": "6508661440c37a4fc33932b1"
  },
  "_externalId": "cvg80j5nue9vtkbf80w11x0k4",
  "__belong": {
    "AccessGroup": [
      {
        "$oid": "5a036d4fe650c3169d9910a4"
      }
    ],
    "Tournament": [
      {
        "$oid": "63d2b9dba871591b193579cd"
      }
    ],
    "Client": {
      "$oid": "58f7c8a1f68f4720c3392406"
    }
  },
  "_externalProvider": "opta",
  "appCode": [
    "fanatiz",
    "liga1play"
  ],
  "awayPenaltyScore": 0,
  "awayScore": 0,
  "awayTeam": {
    "$oid": "5af1d0c6d5ab721ff036f549"
  },
  "endDate": null,
  "eventStatus": {
    "$oid": "5771aaad69a37a78e280900d"
  },
  "homePenaltyScore": 0,
  "homeScore": 0,
  "homeTeam": {
    "$oid": "5af1d0c6d5ab721ff036f54e"
  },
  "location": {
    "original": "Estadio Alberto Gallardo"
  },
  "matchDay": {
    "start": {
      "$date": "2023-10-03T20:00:00.000Z"
    },
    "end": {
      "$date": "2023-10-03T20:00:00.000Z"
    },
    "name": {
      "original": "03"
    }
  },
  "startDate": {
    "$date": "2023-10-03T20:00:00.000Z"
  },
  "statusCategory": "future",
  "type": "football",
  "programmingData": {
    "status": "hidden"
  },
  "_updateDate": {
    "$date": "2023-09-20T23:00:16.889Z"
  }
},{
  "_id": {
    "$oid": "650872739b065807efd8acc7"
  },
  "__belong": {
    "AccessGroup": [
      {
        "$oid": "63b6d512182c32339cae37ee"
      },
      {
        "$oid": "598cccbce44afe0ac9859b5c"
      }
    ],
    "Tournament": [
      {
        "$oid": "64ee63f6ee7196001cee2a95"
      }
    ],
    "Client": {
      "$oid": "58f7c8a1f68f4720c3392406"
    }
  },
  "__children": {
    "TimeLine": [],
    "Formation": [],
    "Content": [
      {
        "$oid": "65087bd499826b079b7028ad"
      }
    ]
  },
  "_deleted": false,
  "_seed": false,
  "homeTeam": {
    "$oid": "5af1d0c6d5ab721ff036f54e"
  },
  "awayTeam": {
    "$oid": "5af1d0c6d5ab721ff036f557"
  },
  "startDate": {
    "$date": "2023-09-24T15:30:00.000Z"
  },
  "endDate": {
    "$date": "2023-09-24T17:30:00.000Z"
  },
  "eventStatus": {
    "$oid": "5771aaad69a37a78e280900d"
  },
  "location": {
    "original": ""
  },
  "type": "football",
  "programmingData": {
    "status": "programmed",
    "duration": 120,
    "content": "65087bd499826b079b7028ad",
    "preEvent": {
      "duration": 17,
      "vodDuration": 3
    },
    "priority": "P1",
    "programmedDate": "2023-09-24T15:30:00Z",
    "providers": [
      {
        "id": "63b490c8d6b0df040969e05e",
        "vodDuration": -1,
        "vod": {
          "url": "https://cdn-liga1-basic-v2.nunchee.tv/vod/vod/tournament_id/650872739b065807efd8acc7/index.m3u8",
          "ingest_point": ""
        },
        "status": "programmed",
        "videos": [
          {
            "weight": 0,
            "name": {
              "original": "Español | Liga1",
              "es": "Español | Liga1",
              "en": "Spanish | Liga1",
              "pt": "Espanhol | Liga1"
            },
            "_id": "65087bd5d55b7a0c9529bc60",
            "language": "es",
            "appCode": [
              "liga1play",
              "fanatiz"
            ],
            "AccessGroup": [
              "63b6d512182c32339cae37ee",
              "598cccbce44afe0ac9859b5c"
            ],
            "channelId": "63b490c8d6b0df040969e05e"
          }
        ]
      }
    ]
  },
  "appCode": [
    "liga1play",
    "fanatiz"
  ],
  "_createdBy": "63ee3cf22f73ee001d15462c",
  "videos": [],
  "stats": [],
  "_createDate": {
    "$date": "2023-09-18T15:53:24.000Z"
  },
  "_updateDate": {
    "$date": "2023-09-18T16:33:28.131Z"
  },
  "statusCategory": "future",
  "__v": 3,
  "_updatedBy": {
    "$oid": "63ee3cf22f73ee001d15462c"
  },
  "isEvent": true
}]